年度,年,月,URL
令和3年度,2021,11,https://www.city.myoko.niigata.jp/docs/6240.html
令和3年度,2021,12,https://www.city.myoko.niigata.jp/docs/6538.html
令和3年度,2022,1,https://www.city.myoko.niigata.jp/docs/30540.html
令和3年度,2022,2,https://www.city.myoko.niigata.jp/docs/6744.html
令和3年度,2022,3,https://www.city.myoko.niigata.jp/docs/26500.html
令和3年度,2021,4,https://www.city.myoko.niigata.jp/docs/4023.html
令和4年度,2022,12,https://www.city.myoko.niigata.jp/docs/39646.html
令和4年度,2023,1,https://www.city.myoko.niigata.jp/docs/39647.html
令和4年度,2023,2,https://www.city.myoko.niigata.jp/docs/39648.html
令和4年度,2023,3,https://www.city.myoko.niigata.jp/docs/39649.html
令和4年度,2022,4,https://www.city.myoko.niigata.jp/docs/6375.html
令和5年度,2023,11,https://www.city.myoko.niigata.jp/docs/52947.html
令和5年度,2023,12,https://www.city.myoko.niigata.jp/docs/52948.html
令和5年度,2024,1,https://www.city.myoko.niigata.jp/docs/52957.html
令和5年度,2024,2,https://www.city.myoko.niigata.jp/docs/52958.html
令和5年度,2024,3,https://www.city.myoko.niigata.jp/docs/52959.html
令和5年度,2023,4,https://www.city.myoko.niigata.jp/docs/43898.html
令和6年度,2024,11,https://www.city.myoko.niigata.jp/docs/64617.html
令和6年度,2024,12,https://www.city.myoko.niigata.jp/docs/64711.html
令和6年度,2025,1,https://www.city.myoko.niigata.jp/docs/64741.html
令和6年度,2025,2,https://www.city.myoko.niigata.jp/docs/64742.html
令和6年度,2025,3,https://www.city.myoko.niigata.jp/docs/64743.html
令和6年度,2024,4,https://www.city.myoko.niigata.jp/docs/57194.html
令和7年度,2025,11,https://www.city.myoko.niigata.jp/docs/75618.html
令和7年度,2025,12,https://www.city.myoko.niigata.jp/docs/75741.html
令和7年度,2025,4,https://www.city.myoko.niigata.jp/docs/67163.html
